Index,pad,recurrente,transformer
1,P,P,P
2,P,P,P
3,P,P,P
4,P,P,P
5,P,P,P
6,P,P,P
7,P,P,P
8,P,P,P
9,P,P,P
10,P,P,P
11,P,P,P
12,P,P,P
13,P,P,P
14,P,P,P
15,P,P,P
16,P,P,P
17,P,P,P
18,P,P,P
19,P,P,P
20,P,P,P
21,P,P,P
22,P,P,P
23,P,P,P
24,P,P,P
25,P,P,P
26,P,P,P
27,P,P,P
28,P,P,P
29,P,P,P
30,P,P,P
31,P,P,P
32,P,P,P
33,P,P,P
34,P,P,P
35,P,P,P
36,P,P,P
37,P,P,P
38,P,P,P
39,P,P,P
40,P,P,P
41,P,P,P
42,P,P,P
43,P,R,P
44,P,P,P
45,P,P,P
46,P,P,P
47,P,P,P
48,P,P,P
49,P,P,P
50,P,P,P
51,P,P,P
52,P,P,P
53,P,P,P
54,P,P,P
55,P,P,P
56,P,P,P
57,P,P,P
58,P,P,P
59,P,P,P
60,P,P,P
61,P,P,P
62,P,P,P
63,P,P,P
64,P,P,P
65,P,P,P
66,P,P,P
67,P,P,P
68,P,P,P
69,P,P,P
70,P,P,P
71,P,P,P
72,P,P,P
73,P,P,P
74,P,P,P
75,P,P,P
76,P,P,P
77,P,P,P
78,P,P,P
79,P,P,P
80,P,P,P
81,P,P,P
82,P,P,P
83,P,P,P
84,P,P,P
85,P,P,P
86,P,P,P
87,P,P,P
88,P,P,P
89,P,P,P
90,P,P,P
91,P,P,P
92,P,P,P
93,P,P,P
94,P,P,P
95,P,R,P
96,P,P,P
97,P,P,P
98,P,P,P
99,P,P,P
100,P,P,P
101,P,P,P
102,P,P,P
103,P,P,P
104,P,P,P
105,P,P,P
106,P,R,P
107,P,P,P
108,P,P,P
109,P,P,P
110,P,P,P
111,P,P,P
112,P,P,P
113,P,P,P
114,P,P,P
115,P,P,R
116,P,P,P
117,P,P,P
118,P,P,P
119,P,P,P
120,P,P,P
121,P,P,P
122,P,P,P
123,P,P,P
124,P,P,P
125,P,P,P
126,P,P,P
127,P,P,P
128,P,P,P
129,P,P,P
130,P,P,P
131,P,P,P
132,P,P,P
133,P,P,P
134,P,P,P
135,P,P,P
136,P,P,P
137,P,P,P
138,P,P,P
139,P,P,P
140,P,P,P
141,P,P,P
142,P,P,P
143,P,P,P
144,P,P,P
145,P,P,P
146,P,P,P
147,P,P,P
148,P,P,P
149,P,P,P
150,P,P,P
151,P,P,P
152,P,P,P
153,P,P,P
154,P,P,P
155,P,P,P
156,P,P,P
157,P,P,P
158,P,P,P
159,P,P,P
160,P,P,P
161,P,P,P
162,P,P,P
163,P,P,P
164,P,P,P
165,P,P,P
166,P,P,P
167,P,P,P
168,P,R,P
169,P,P,P
170,P,P,P
171,P,P,P
172,P,P,P
173,P,P,P
174,P,P,P
175,P,P,P
176,P,P,P
177,P,P,P
178,P,P,P
179,P,P,P
180,P,P,P
181,P,P,P
182,P,P,P
183,P,P,P
184,P,P,P
185,P,P,P
186,P,P,P
187,P,P,P
188,P,P,P
189,P,P,P
190,P,P,P
191,R,R,R
192,P,P,P
193,P,P,P
194,P,P,P
195,P,P,P
196,P,P,P
197,P,P,P
198,P,P,P
199,P,P,P
200,P,P,P
201,P,P,P
202,P,P,P
203,P,P,P
204,P,P,P
205,P,P,P
206,P,P,P
207,P,P,P
208,P,P,P
209,P,P,P
210,P,P,P
211,P,P,P
212,P,P,P
213,P,P,P
214,P,P,P
215,P,P,P
216,R,P,P
217,P,P,P
218,P,P,P
219,P,P,P
220,P,P,P
221,P,P,P
222,P,P,P
223,P,P,P
224,P,P,P
225,P,P,P
226,P,P,P
227,P,P,P
228,P,P,P
229,P,P,P
230,P,P,P
231,P,P,P
232,P,P,P
233,P,P,P
234,P,P,P
235,P,P,P
236,P,P,P
237,P,P,P
238,P,P,P
239,P,P,P
240,P,P,P
241,P,P,P
242,P,P,P
243,P,P,P
244,P,P,P
245,P,P,P
246,P,P,P
247,P,P,P
248,P,P,P
249,P,P,P
250,P,P,P
251,P,P,P
252,P,P,P
253,R,P,P
254,P,P,P
255,P,P,P
256,P,P,P
257,P,P,P
258,P,P,P
259,P,P,P
260,P,P,P
261,P,P,P
262,P,P,P
263,P,P,P
264,P,P,P
265,P,P,P
266,P,P,P
267,P,P,P
268,P,P,P
269,P,P,P
270,P,P,P
271,P,P,P
272,P,P,P
273,P,P,P
274,P,P,P
275,P,P,P
276,P,P,P
277,P,P,P
278,P,P,P
279,P,P,P
280,P,P,P
281,P,P,P
282,P,P,P
283,P,P,P
284,P,P,P
285,P,P,P
286,P,P,P
287,P,P,P
288,P,P,P
289,P,P,P
290,P,P,P
291,P,P,P
292,P,P,P
293,P,P,P
294,P,P,P
295,P,P,P
296,P,P,P
297,P,P,P
298,P,P,P
299,P,P,P
300,P,P,P
301,P,P,P
302,P,P,P
303,P,P,P
304,P,P,P
305,P,P,P
306,P,R,P
307,P,P,P
308,P,P,P
309,P,P,P
310,P,P,P
311,P,P,P
312,P,P,P
313,P,P,P
314,P,P,P
315,P,P,P
316,P,P,P
317,P,P,P
318,P,P,P
319,P,P,P
320,P,P,P
321,P,P,P
322,P,P,P
323,P,P,P
324,P,P,P
325,P,P,P
326,P,P,P
327,P,P,P
328,P,P,P
329,P,P,P
330,P,P,P
331,P,P,P
332,P,P,P
333,P,P,P
334,P,P,P
335,P,P,P
336,P,P,P
337,P,P,P
338,P,P,P
339,P,P,P
340,P,P,P
341,P,P,P
342,P,P,P
343,P,P,P
344,P,P,P
345,P,P,P
346,P,P,P
347,P,P,P
348,P,P,P
349,P,P,P
350,P,P,P
351,P,P,P
352,P,P,P
353,P,P,P
354,P,P,P
355,P,P,P
356,P,P,P
357,P,P,P
358,P,P,P
359,P,P,P
360,P,P,P
361,P,P,P
362,P,P,P
363,P,P,P
364,P,P,P
365,P,P,P
366,P,P,P
367,P,P,P
368,P,P,P
369,P,P,P
370,P,P,P
371,P,P,P
372,P,P,P
373,P,P,P
374,P,P,P
375,P,P,P
376,P,P,P
377,P,P,P
378,P,P,P
379,P,P,P
380,P,P,P
381,P,P,P
382,P,P,P
383,P,P,P
384,P,P,P
385,P,P,P
386,P,P,P
387,P,P,P
388,P,P,P
389,P,P,P
390,P,P,P
391,P,P,P
392,R,R,P
393,P,P,P
394,P,P,P
395,P,R,P
396,P,P,P
397,P,P,P
398,P,P,P
399,P,P,P
400,P,P,P
401,P,P,P
402,P,P,P
403,P,P,P
404,P,P,P
405,P,P,P
406,P,P,P
407,P,P,P
408,P,P,P
409,P,P,P
410,P,P,P
411,P,P,P
412,P,P,P
413,P,P,P
414,P,P,P
415,P,P,P
416,P,P,P
417,P,P,P
418,P,P,P
419,P,P,P
420,P,P,P
421,P,P,P
422,P,P,P
423,P,P,P
424,P,P,P
425,P,P,P
426,P,P,P
427,P,P,P
428,P,P,P
429,P,P,P
430,P,P,P
431,P,P,P
432,P,P,P
433,P,P,P
434,P,P,P
435,P,P,P
436,P,P,P
437,P,P,P
438,P,P,P
439,P,P,P
440,P,P,P
441,P,P,P
442,P,P,P
443,P,P,P
444,P,P,P
445,P,P,P
446,P,P,P
447,P,P,P
448,P,P,P
449,P,P,P
450,P,P,P
451,P,P,P
452,P,P,P
453,P,R,P
454,P,P,P
455,P,P,P
456,P,P,P
457,P,P,P
458,P,P,P
459,P,P,P
460,P,P,P
461,P,P,P
462,P,P,P
463,P,P,P
464,P,P,P
465,P,P,P
466,P,P,P
467,P,P,P
468,P,P,P
469,P,P,P
470,R,P,P
471,P,P,P
472,P,P,P
473,P,P,P
474,P,P,P
475,P,P,P
476,P,P,P
477,P,P,P
478,P,P,P
479,P,P,P
480,P,P,P
481,P,P,P
482,P,P,P
483,P,P,P
484,P,P,P
485,P,P,P
486,P,P,P
487,P,P,P
488,P,P,P
489,P,P,P
490,P,P,P
491,P,P,P
492,P,P,P
493,P,P,P
494,P,P,P
495,P,P,P
496,P,P,P
497,P,R,P
498,P,P,P
499,P,P,P
500,P,P,P
501,P,P,P
502,P,P,P
503,P,P,P
504,P,P,P
505,P,P,P
506,P,P,P
507,P,P,P
508,P,P,P
509,P,P,P
510,P,P,P
511,P,P,P
512,P,P,P
513,P,P,P
514,P,P,P
515,P,P,P
516,P,P,P
517,P,P,P
518,P,P,P
519,P,P,P
520,P,P,P
521,P,P,P
522,P,P,P
523,P,P,P
524,P,P,P
525,P,P,P
526,P,P,P
527,P,P,P
528,P,P,P
529,P,P,P
530,P,P,P
531,P,P,P
532,P,P,P
533,P,P,P
534,P,P,P
535,P,P,P
536,P,P,P
537,P,P,P
538,P,P,P
539,P,P,P
540,P,P,P
541,P,P,P
542,P,P,P
543,P,P,P
544,P,P,P
545,P,P,P
546,P,P,P
547,P,R,P
548,P,P,P
549,P,P,P
550,P,P,P
551,P,P,P
552,P,P,P
553,P,P,P
554,P,P,P
555,P,P,P
556,P,P,P
557,P,P,P
558,P,P,P
559,P,P,P
560,P,P,P
561,P,P,P
562,P,P,P
563,P,P,P
564,P,P,P
565,P,P,P
566,P,P,P
567,P,P,P
568,P,P,P
569,P,P,P
570,P,P,P
571,P,P,P
572,P,P,P
573,P,P,P
574,P,P,P
575,P,P,P
576,P,P,P
577,P,P,P
578,P,P,P
579,P,P,P
580,P,P,P
581,P,P,P
582,P,P,P
583,P,P,P
584,P,P,P
585,P,P,P
586,P,P,P
587,P,P,P
588,P,P,P
589,P,P,P
590,P,P,P
591,P,P,P
592,P,P,P
593,P,P,P
594,P,P,P
595,P,P,P
596,P,P,P
597,P,P,P
598,P,P,P
599,P,P,P
600,P,P,P
601,P,P,P
602,P,P,P
603,P,P,P
604,P,P,P
605,P,P,P
606,P,P,P
607,P,P,P
608,P,P,P
609,P,P,P
610,P,P,P
611,P,P,P
612,P,P,P
613,P,P,P
614,P,P,P
615,P,P,P
616,P,P,P
617,P,P,P
618,P,P,P
619,P,P,P
620,P,P,P
621,P,P,P
622,P,P,P
623,P,P,P
624,P,P,P
625,P,P,P
626,P,P,P
627,P,P,P
628,P,P,P
629,P,P,P
630,P,P,P
631,P,P,P
632,P,P,P
633,P,P,P
634,P,P,P
635,P,P,P
636,P,P,P
637,P,P,P
638,P,P,P
639,P,P,P
640,P,P,P
641,P,P,P
642,P,P,P
643,P,P,P
644,P,R,P
645,P,P,P
646,P,P,P
647,P,P,P
648,P,P,P
649,P,P,P
650,P,P,P
651,P,P,P
652,P,P,P
653,R,P,P
654,P,P,P
655,P,P,P
656,P,P,P
657,P,P,P
658,P,P,P
659,P,P,P
660,P,P,P
661,P,P,P
662,P,P,P
663,P,P,P
664,R,P,P
665,P,P,P
666,P,P,P
667,P,P,P
668,P,P,P
669,P,P,P
670,P,R,P
671,P,P,P
672,P,P,P
673,P,P,P
674,P,P,P
675,P,P,P
676,P,P,P
677,P,P,P
678,P,P,P
679,P,P,P
680,P,P,P
681,P,P,P
682,P,P,P
683,P,P,P
684,P,P,P
685,P,R,P
686,P,P,P
687,P,P,P
688,P,P,P
689,P,P,P
690,P,P,P
691,P,P,P
692,P,P,P
693,P,P,P
694,P,P,P
695,P,P,P
696,P,P,P
697,P,P,P
698,P,P,P
699,P,P,P
700,P,P,P
701,P,P,P
702,P,P,P
703,P,P,P
704,P,P,P
705,P,P,P
706,P,P,P
707,P,P,P
708,P,P,P
709,P,P,P
710,P,P,P
711,P,P,P
712,P,P,P
713,P,P,P
714,P,R,P
715,P,P,P
716,P,P,P
717,P,P,P
718,P,P,P
719,P,P,P
720,P,P,P
721,P,P,P
722,P,P,P
723,P,P,P
724,P,P,P
725,P,P,P
726,P,P,P
727,P,P,P
728,P,P,P
729,P,P,P
730,P,P,P
731,P,P,P
732,P,P,P
733,P,P,P
734,P,P,P
735,P,P,P
736,P,P,P
737,P,P,P
738,P,P,P
739,P,P,P
740,P,P,P
741,P,P,P
742,P,P,P
743,P,P,P
744,P,P,P
745,P,P,P
746,P,P,P
747,P,P,P
748,P,P,P
749,P,P,P
750,P,P,P
751,P,P,P
752,P,P,P
753,P,P,P
754,P,P,P
755,P,P,P
756,P,P,P
757,P,P,P
758,P,P,P
759,P,P,P
760,P,P,P
761,P,P,P
762,P,P,P
763,P,P,P
764,P,P,P
765,P,P,P
766,P,P,P
767,P,P,P
768,P,P,P
769,P,P,P
770,P,P,P
771,P,P,P
772,P,P,P
773,P,P,P
774,P,P,P
775,P,P,P
776,P,P,P
777,P,P,P
778,P,P,P
779,P,P,P
780,P,P,P
781,P,P,P
782,P,P,P
783,P,P,P
784,P,P,P
785,P,P,P
786,P,P,P
787,P,P,P
788,P,P,P
789,P,P,P
790,P,P,P
791,P,P,P
792,P,P,P
793,P,P,P
794,P,P,P
795,P,P,P
796,P,R,P
797,P,R,P
798,P,P,P
799,P,P,P
800,P,P,P
801,P,P,P
802,P,P,P
803,P,P,P
804,P,P,P
805,P,P,P
806,P,P,P
807,P,P,P
808,P,P,P
809,P,P,P
810,P,P,P
811,P,P,P
812,P,P,P
813,P,P,P
814,P,P,P
815,P,P,P
816,P,P,P
817,P,P,P
818,P,P,P
819,P,P,P
820,P,P,P
821,P,P,P
822,P,P,P
823,P,P,P
824,P,P,P
825,P,P,P
826,P,P,P
827,P,P,P
828,P,P,P
829,P,P,P
830,P,P,P
831,P,P,P
832,P,P,P
833,P,P,P
834,P,P,P
835,P,P,P
836,P,P,P
837,P,P,P
838,P,P,P
839,P,P,P
840,P,P,P
841,P,P,P
842,P,P,P
843,P,P,P
844,P,P,P
845,P,P,P
846,P,P,P
847,P,P,P
848,P,P,P
849,P,P,P
850,P,P,P
851,P,P,P
852,P,P,P
853,P,P,P
854,P,P,P
855,P,P,P
856,P,P,P
857,P,P,P
858,P,P,P
859,P,P,P
860,P,P,P
861,P,R,P
862,P,P,P
863,P,P,P
864,P,P,P
865,P,P,P
866,P,P,P
867,P,P,P
868,P,P,P
869,P,P,P
870,P,P,P
871,R,R,P
872,P,P,P
873,P,P,P
874,P,P,P
875,P,P,P
876,P,P,P
877,P,P,P
878,P,P,P
879,P,P,P
880,P,P,P
881,P,P,P
882,P,P,P
883,P,P,P
884,P,P,P
885,P,P,P
886,P,P,P
887,P,P,P
888,P,P,P
889,P,P,P
890,P,P,P
891,P,P,P
892,P,P,P
893,P,P,P
894,P,P,P
895,P,P,P
896,P,P,P
897,R,R,P
898,P,R,P
899,P,P,P
900,P,P,P
901,P,P,P
902,P,P,P
903,P,P,P
904,P,P,P
905,P,P,P
906,P,P,P
907,P,P,P
908,P,R,P
909,P,P,P
910,P,P,P
911,P,P,P
912,P,P,P
913,P,P,P
914,P,P,P
915,P,P,P
916,P,P,P
917,P,P,P
918,P,P,P
919,P,P,P
920,P,P,P
921,P,P,P
922,P,P,P
923,P,P,P
924,P,P,P
925,P,P,P
926,P,P,P
927,P,P,P
928,P,P,P
929,P,P,P
930,P,P,P
931,P,P,P
932,P,P,P
933,P,P,P
934,P,P,P
935,P,P,P
936,P,P,P
937,P,P,P
938,P,P,P
939,P,P,P
940,P,P,P
941,P,P,P
942,P,P,P
943,P,P,P
944,P,R,P
945,P,P,P
946,P,P,P
947,P,P,P
948,P,P,P
949,P,P,P
950,P,P,P
951,P,P,P
952,P,P,P
953,P,P,P
954,P,P,P
955,P,P,P
956,P,P,P
957,P,P,P
958,P,P,P
959,P,P,P
960,P,P,P
961,P,P,P
962,P,P,P
963,P,P,P
964,P,P,P
965,P,P,P
966,P,P,P
967,P,P,P
968,P,P,P
969,P,P,P
970,P,P,P
971,P,P,P
972,P,R,P
973,P,P,P
974,P,P,P
975,P,P,P
976,P,P,P
977,P,P,P
978,P,P,P
979,P,P,P
980,P,P,P
981,P,P,P
982,P,P,P
983,P,P,P
984,P,P,P
985,P,P,P
986,P,P,P
987,P,P,P
988,P,P,P
989,P,P,P
990,P,P,P
991,P,P,P
992,P,P,P
993,P,P,P
994,P,P,P
995,P,P,P
996,P,P,P
997,P,P,P
998,P,P,P
999,P,P,P
1000,P,P,P
1001,P,P,P
1002,P,P,P
1003,P,P,P
1004,P,P,P
1005,P,P,P
1006,P,P,P
1007,P,P,P
1008,P,P,P
1009,P,P,P
1010,P,P,P
1011,P,R,P
1012,P,P,P
1013,P,P,P
1014,P,P,P
1015,P,P,P
1016,P,P,P
1017,P,P,P
1018,P,P,P
1019,P,P,P
1020,P,P,P
1021,P,P,P
1022,P,P,P
1023,P,P,P
1024,P,P,P
1025,P,P,P
1026,P,P,P
1027,P,P,P
1028,P,R,P
1029,P,P,P
1030,P,P,P
1031,P,P,P
1032,P,P,P
1033,P,P,P
1034,P,P,P
1035,P,P,P
1036,P,P,P
1037,P,P,P
1038,P,P,P
1039,P,P,P
1040,P,P,P
1041,P,P,P
1042,P,P,P
1043,P,P,P
1044,P,P,P
1045,P,P,P
1046,P,P,P
1047,P,P,P
1048,P,P,P
1049,P,P,P
1050,P,P,P
1051,P,P,P
1052,P,P,P
1053,P,P,P
1054,P,P,P
1055,P,P,P
1056,P,P,P
1057,P,P,P
1058,P,P,P
1059,P,P,P
1060,P,P,P
1061,P,P,P
1062,P,P,P
1063,P,P,P
1064,P,P,P
1065,P,P,P
1066,P,P,P
1067,P,P,P
1068,P,P,P
1069,P,P,P
1070,P,P,P
1071,P,P,P
1072,P,P,P
1073,P,P,P
1074,P,P,P
1075,P,P,P
1076,P,P,P
1077,P,P,P
1078,P,P,P
1079,P,P,P
1080,P,P,P
1081,P,P,P
1082,P,P,P
1083,P,P,P
1084,P,P,P
1085,P,P,P
1086,P,P,P
1087,P,P,P
1088,P,P,P
1089,P,P,P
1090,P,P,P
1091,P,P,P
1092,P,P,P
1093,P,P,P
1094,P,P,P
1095,P,P,P
1096,P,P,P
1097,P,P,P
1098,P,P,P
1099,P,P,P
1100,P,P,P
1101,P,P,P
1102,P,P,P
1103,P,P,P
1104,P,P,P
1105,P,R,P
1106,P,P,P
1107,P,P,P
1108,P,P,P
1109,P,P,P
1110,P,P,P
1111,P,P,P
1112,P,P,P
1113,P,P,P
1114,P,P,P
1115,P,P,P
1116,P,P,P
1117,P,P,P
1118,P,R,P
1119,P,P,P
1120,P,P,P
1121,P,P,P
1122,P,P,P
1123,P,P,P
1124,P,P,P
1125,P,P,P
1126,P,P,P
1127,P,P,P
1128,P,R,P
1129,P,P,P
1130,P,P,P
1131,P,P,P
1132,P,P,P
1133,P,P,P
1134,P,P,P
1135,P,P,P
1136,P,P,P
1137,P,P,P
1138,P,P,P
1139,P,P,P
1140,P,P,P
1141,P,P,P
1142,P,P,P
1143,P,P,P
1144,P,P,P
1145,P,P,P
1146,P,P,P
1147,P,P,P
1148,P,R,P
1149,P,P,P
1150,P,P,P
1151,P,P,P
1152,P,P,P
1153,P,P,P
1154,P,P,P
1155,P,P,P
1156,P,P,P
1157,P,P,P
1158,P,P,P
1159,P,P,P
1160,P,P,P
1161,P,P,P
1162,P,P,P
1163,P,P,P
1164,P,P,P
1165,P,P,P
1166,P,P,P
1167,R,R,P
1168,P,P,P
1169,P,P,P
1170,P,P,P
1171,P,P,P
1172,P,P,P
1173,P,P,P
1174,P,P,P
1175,P,P,P
1176,P,P,P
1177,P,P,P
1178,P,P,P
1179,P,P,P
1180,P,P,R
1181,P,P,P
1182,P,P,P
1183,P,P,P
1184,P,P,P
1185,P,P,P
1186,P,P,P
1187,P,P,P
1188,P,P,P
1189,P,P,P
1190,P,P,P
1191,P,R,P
1192,P,P,P
1193,P,P,P
1194,P,P,P
1195,P,P,P
1196,P,P,P
1197,P,P,P
1198,P,P,P
1199,P,P,P
1200,P,P,P
1201,P,P,P
1202,P,P,P
1203,P,P,P
1204,P,P,P
1205,P,P,P
1206,P,P,P
1207,P,P,P
1208,P,P,P
1209,P,P,P
1210,P,P,P
1211,P,P,P
1212,P,P,P
1213,P,P,P
1214,P,P,P
1215,P,P,P
1216,P,P,P
1217,P,P,P
1218,P,P,P
1219,P,P,P
1220,P,P,P
1221,P,P,P
1222,P,P,P
1223,P,P,P
1224,P,P,P
1225,P,P,P
1226,P,P,P
1227,P,P,P
1228,P,P,P
1229,P,P,P
1230,P,P,P
1231,P,P,P
1232,P,P,P
1233,P,P,P
1234,P,P,P
1235,P,P,P
1236,P,P,P
1237,P,P,P
1238,P,P,P
1239,P,P,P
1240,P,P,P
1241,P,P,P
1242,P,P,P
1243,P,P,P
1244,P,P,P
1245,P,P,P
1246,P,P,P
1247,P,P,P
1248,P,P,P
1249,P,P,P
1250,P,P,P
1251,P,P,P
1252,P,P,P
1253,P,P,P
1254,P,P,P
1255,P,P,P
1256,P,P,P
1257,P,P,P
1258,P,P,P
1259,P,P,P
1260,P,P,P
1261,P,P,P
1262,P,P,P
1263,P,P,P
1264,P,P,P
1265,P,P,P
1266,P,P,P
1267,P,P,P
1268,P,P,P
1269,P,P,P
1270,P,P,P
1271,P,P,P
1272,P,P,P
1273,P,P,P
1274,P,P,P
1275,P,P,P
1276,P,P,P
1277,P,P,P
1278,P,P,P
1279,P,P,P
1280,P,P,P
1281,P,P,P
1282,P,P,P
1283,P,P,P
1284,P,P,P
1285,P,P,P
1286,P,P,P
1287,P,P,P
1288,P,P,P
1289,P,P,P
1290,P,P,P
1291,P,P,P
1292,P,P,P
1293,P,P,P
1294,P,P,P
1295,P,P,P
1296,P,P,P
1297,P,P,P
1298,P,P,P
1299,P,P,P
1300,P,P,P
1301,P,P,P
1302,P,P,P
1303,P,P,P
1304,P,P,P
1305,P,P,P
1306,P,P,P
1307,P,P,P
1308,P,P,P
1309,P,P,P
1310,P,P,P
1311,P,P,P
1312,P,P,P
1313,P,P,P
1314,P,P,P
1315,P,P,P
1316,P,P,P
1317,P,P,P
1318,P,P,P
1319,P,P,P
1320,P,P,P
1321,P,P,P
1322,P,P,P
1323,P,R,P
1324,P,P,P
1325,P,P,P
1326,P,P,P
1327,P,P,P
1328,P,P,P
1329,P,P,P
1330,P,P,P
1331,P,P,P
1332,P,P,P
1333,P,P,P
1334,P,P,P
1335,P,P,P
1336,P,P,P
1337,P,P,P
1338,P,P,P
1339,P,P,P
1340,P,P,P
1341,P,P,P
1342,P,P,P
1343,P,P,P
1344,P,P,P
1345,P,P,P
1346,P,P,P
1347,P,P,P
1348,P,P,P
1349,P,P,P
1350,P,P,P
1351,P,P,P
1352,P,P,P
1353,P,P,P
1354,P,P,P
1355,P,P,P
1356,P,P,P
1357,P,P,P
1358,P,P,P
1359,P,P,P
1360,P,P,P
1361,P,P,P
1362,P,P,P
1363,P,P,P
1364,P,P,P
1365,P,P,P
1366,P,P,P
1367,P,P,P
1368,P,P,P
1369,P,P,P
1370,P,P,P
1371,P,P,P
1372,P,P,P
1373,P,P,P
1374,P,P,P
1375,P,P,P
1376,P,P,P
1377,P,P,P
1378,P,P,P
1379,P,P,P
1380,P,P,P
1381,P,P,P
1382,P,P,P
1383,P,P,P
1384,P,P,P
1385,P,P,P
1386,P,P,P
1387,P,P,P
1388,P,P,P
1389,P,P,P
1390,P,P,P
1391,P,P,P
1392,P,P,P
1393,P,P,P
1394,P,P,P
1395,P,P,P
1396,P,P,P
1397,P,P,P
1398,P,P,P
1399,P,P,P
1400,P,P,P
1401,P,P,P
1402,P,P,P
1403,P,P,P
1404,P,P,P
1405,P,P,P
1406,P,P,P
1407,P,P,P
1408,P,P,P
1409,P,P,P
1410,P,P,P
1411,P,R,P
1412,P,P,P
1413,P,P,P
1414,P,P,P
1415,P,P,P
1416,P,P,P
1417,P,P,P
1418,P,P,P
1419,P,P,P
1420,P,P,P
1421,P,P,P
1422,P,P,P
1423,P,P,P
1424,P,P,P
1425,P,P,P
1426,P,P,P
1427,P,P,P
1428,P,P,P
1429,P,P,P
1430,P,P,P
1431,P,P,P
1432,P,P,P
1433,P,P,P
1434,P,P,P
1435,P,P,P
1436,P,P,P
1437,P,P,P
1438,P,P,P
1439,P,P,P
1440,P,P,P
1441,P,P,P
1442,P,P,P
1443,P,P,P
1444,P,P,P
1445,P,P,P
1446,P,P,P
1447,P,P,P
1448,P,P,P
1449,P,P,P
1450,P,R,P
1451,P,P,P
1452,P,P,P
1453,P,P,P
1454,P,P,P
1455,P,P,P
1456,P,P,P
1457,P,P,P
1458,P,P,P
1459,P,P,P
1460,P,P,P
1461,P,P,P
1462,P,P,P
1463,P,P,P
1464,P,P,P
1465,P,P,P
1466,P,P,P
1467,P,P,P
1468,P,P,P
1469,P,P,P
1470,P,P,P
1471,P,R,P
1472,P,P,P
1473,P,P,P
1474,P,P,P
1475,P,P,P
1476,P,P,P
1477,P,P,P
1478,P,P,P
1479,P,P,P
1480,P,P,P
1481,P,P,P
1482,P,P,P
1483,P,P,P
1484,P,P,P
1485,P,P,P
1486,P,P,P
1487,P,P,P
1488,P,P,P
1489,P,P,P
1490,P,P,P
1491,P,P,P
1492,P,P,P
1493,P,P,P
1494,P,P,P
1495,P,P,P
1496,P,P,P
1497,P,P,P
1498,P,P,P
1499,P,P,P
1500,P,P,P
1501,P,P,P
1502,P,P,P
1503,P,P,P
1504,P,R,P
1505,R,P,P
1506,P,P,P
1507,P,P,P
1508,P,P,P
1509,P,P,P
1510,P,P,P
1511,P,P,P
1512,P,R,P
1513,P,P,P
1514,P,P,P
1515,P,P,P
1516,P,P,P
1517,P,P,P
1518,P,P,P
1519,P,P,P
1520,P,R,P
1521,P,P,P
1522,P,P,P
1523,P,P,P
1524,P,P,P
1525,P,P,P
1526,P,P,P
1527,P,P,P
1528,P,P,P
1529,P,P,P
1530,P,P,P
1531,P,P,P
1532,P,P,P
1533,P,P,P
1534,P,P,P
1535,P,P,P
1536,P,P,P
1537,P,P,P
1538,P,P,P
1539,P,P,P
1540,P,P,P
1541,P,P,P
1542,P,P,P
1543,P,P,P
1544,P,P,P
1545,P,P,P
1546,P,P,P
1547,P,P,P
1548,P,P,P
1549,P,P,P
1550,P,P,P
1551,P,P,P
1552,P,P,P
1553,P,P,P
1554,P,P,P
1555,P,P,P
1556,P,P,P
1557,P,P,P
1558,P,P,P
1559,P,P,P
1560,P,P,P
1561,P,P,P
1562,P,P,P
1563,P,P,P
1564,P,P,P
1565,P,P,P
1566,P,P,P
1567,P,P,P
1568,P,P,P
1569,P,P,P
1570,P,P,P
1571,P,P,P
1572,P,P,P
1573,P,P,P
1574,P,P,P
1575,P,P,P
1576,P,P,P
1577,P,P,P
1578,P,P,P
1579,P,P,P
1580,P,P,P
1581,P,P,P
1582,P,P,P
1583,P,P,P
1584,P,P,P
1585,P,P,P
1586,P,P,P
1587,P,P,P
1588,P,P,P
1589,P,P,P
1590,P,P,P
1591,P,P,P
1592,P,P,P
1593,P,P,P
1594,P,P,P
1595,P,P,P
1596,P,P,P
1597,P,P,P
1598,P,P,P
1599,P,P,P
1600,P,P,P
1601,P,P,P
1602,P,P,P
1603,P,P,P
1604,P,R,P
1605,P,R,P
1606,P,P,P
1607,P,P,P
1608,P,P,P
1609,P,P,P
1610,P,P,P
1611,P,P,P
1612,P,P,P
1613,P,P,P
1614,P,P,P
1615,P,P,P
1616,P,P,P
1617,P,P,P
1618,P,P,P
1619,P,P,P
1620,P,P,P
1621,P,P,P
1622,P,R,P
1623,P,P,P
1624,P,P,P
1625,P,P,P
1626,P,P,P
1627,P,P,P
1628,P,P,P
1629,P,P,P
1630,P,P,P
1631,P,P,P
1632,P,P,P
1633,P,P,P
1634,P,P,P
1635,P,P,P
1636,P,P,P
1637,P,P,P
1638,P,P,P
1639,P,P,P
1640,P,P,P
1641,P,P,P
1642,P,P,P
1643,P,P,P
1644,P,P,P
1645,P,P,P
1646,P,P,P
1647,P,P,P
1648,P,P,P
1649,P,P,P
1650,P,P,P
1651,P,P,P
1652,P,P,P
1653,P,P,P
1654,P,P,P
1655,P,P,P
1656,P,P,P
1657,P,P,P
1658,P,P,P
1659,P,P,P
1660,P,P,P
1661,P,P,P
1662,P,P,P
1663,P,P,P
1664,P,P,P
1665,P,P,P
1666,P,P,P
1667,P,P,P
1668,P,P,P
1669,P,P,P
1670,P,P,P
1671,P,R,P
1672,P,P,P
1673,P,P,P
1674,P,P,P
1675,P,P,P
1676,P,P,P
1677,P,P,P
1678,P,P,P
1679,P,P,P
1680,P,P,P
1681,P,P,P
1682,P,P,P
1683,P,P,P
1684,P,P,P
1685,P,P,P
1686,P,P,P
1687,P,P,P
1688,P,P,P
1689,P,P,P
1690,P,P,P
1691,P,P,P
1692,P,P,P
1693,P,P,P
1694,P,P,P
1695,P,P,P
1696,P,P,P
1697,P,P,P
1698,P,P,P
1699,P,P,P
1700,P,P,P
1701,P,P,P
1702,P,P,P
1703,P,P,P
1704,P,P,P
1705,P,P,P
1706,P,R,P
1707,P,P,P
1708,P,P,P
1709,P,P,P
1710,P,P,P
1711,P,P,P
1712,P,P,P
1713,P,P,P
1714,P,P,P
1715,P,P,P
1716,P,P,P
1717,P,P,P
1718,P,P,P
1719,P,P,P
1720,P,P,P
1721,P,P,P
1722,P,P,P
1723,P,P,P
1724,P,P,P
1725,P,P,P
1726,P,P,P
1727,P,P,P
1728,P,P,P
1729,P,P,P
1730,R,R,P
1731,P,P,P
1732,P,P,P
1733,P,P,P
1734,P,P,P
1735,P,P,P
1736,P,P,P
1737,P,P,P
1738,P,P,P
1739,P,P,P
1740,P,P,P
1741,P,P,P
1742,P,P,P
1743,P,P,P
1744,P,P,P
1745,P,P,P
1746,P,P,P
1747,P,P,P
1748,P,P,P
1749,P,P,P
1750,P,P,P
1751,P,P,P
1752,P,P,P
1753,P,P,P
1754,P,R,P
1755,P,P,P
1756,P,P,P
1757,P,P,P
1758,P,P,P
1759,P,P,P
1760,P,P,P
1761,P,P,P
1762,P,P,P
1763,P,P,P
1764,P,P,P
1765,P,P,P
1766,P,P,P
1767,P,P,P
1768,P,P,P
1769,P,R,P
1770,P,P,P
1771,P,P,P
1772,P,P,P
1773,P,P,P
1774,P,R,P
1775,P,P,P
1776,P,P,P
1777,P,P,P
1778,P,P,P
1779,P,P,P
1780,P,P,P
1781,P,P,P
1782,P,P,P
1783,P,P,P
1784,P,P,P
1785,P,P,P
1786,P,R,P
1787,P,P,P
1788,P,P,P
1789,P,P,P
1790,P,P,P
1791,P,P,P
1792,P,P,P
1793,P,P,P
1794,P,P,P
1795,P,P,P
1796,P,P,P
1797,P,R,P
1798,R,R,P
1799,P,P,P
1800,P,P,P
1801,P,P,P
1802,P,P,P
1803,P,P,P
1804,P,P,P
1805,P,P,P
1806,P,P,P
1807,P,P,P
1808,P,P,P
1809,P,P,P
1810,P,P,P
1811,P,P,P
1812,P,P,P
1813,P,P,P
1814,R,P,P
1815,P,P,P
1816,P,P,P
1817,P,P,P
1818,P,P,P
1819,P,P,P
1820,P,P,P
1821,P,P,P
1822,P,P,P
1823,P,P,P
1824,P,P,P
1825,P,P,P
1826,P,P,P
1827,P,P,P
1828,P,P,P
1829,P,P,P
1830,P,R,P
1831,P,P,P
1832,P,P,P
1833,P,P,P
1834,P,P,P
1835,P,P,P
1836,P,P,P
1837,P,P,P
1838,P,P,P
1839,P,P,P
1840,P,P,P
1841,P,P,P
1842,P,P,P
1843,P,P,P
1844,P,P,P
1845,P,P,P
1846,P,P,P
1847,P,P,P
1848,P,P,P
1849,P,P,P
1850,P,P,P
1851,P,P,P
1852,P,P,P
1853,P,R,P
1854,P,P,P
1855,P,P,P
1856,P,P,P
1857,P,P,P
1858,P,P,P
1859,P,P,P
1860,P,P,P
1861,P,P,P
1862,P,P,P
1863,P,P,P
1864,P,P,P
1865,P,P,P
1866,P,P,P
1867,P,P,P
1868,P,P,P
1869,P,P,P
1870,P,P,P
1871,P,P,P
1872,P,P,P
1873,P,P,P
1874,P,P,P
1875,P,P,P
1876,P,P,P
1877,P,P,P
1878,P,P,P
1879,P,P,P
1880,P,P,P
1881,P,P,P
1882,P,P,P
1883,P,P,P
1884,P,P,P
1885,P,P,P
1886,P,P,P
1887,P,P,P
1888,P,P,P
1889,P,P,P
1890,P,P,P
1891,P,P,P
1892,P,P,P
1893,P,P,P
1894,P,P,P
1895,P,P,P
1896,P,P,P
1897,P,P,P
1898,P,P,P
1899,P,P,P
1900,P,P,P
1901,P,P,P
1902,P,P,P
1903,P,P,P
1904,P,P,P
1905,P,P,P
1906,P,P,P
1907,P,P,P
1908,P,P,P
1909,P,P,P
1910,P,P,P
1911,P,P,P
1912,P,P,P
1913,P,P,P
1914,P,P,P
1915,P,P,P
1916,P,P,P
1917,P,P,P
1918,P,P,P
1919,P,P,P
1920,P,P,P
1921,P,P,P
1922,P,P,P
1923,P,P,P
1924,P,P,P
1925,P,P,P
1926,P,P,P
1927,P,P,P
1928,P,P,P
1929,P,P,P
1930,P,P,P
1931,P,P,P
1932,P,P,P
1933,P,P,P
1934,P,P,P
1935,P,P,P
1936,P,P,P
1937,P,P,P
1938,P,P,P
1939,P,P,P
1940,P,P,P
1941,P,P,P
1942,P,P,P
1943,P,P,P
1944,P,P,P
1945,P,P,P
1946,P,P,P
1947,P,P,P
1948,P,P,P
1949,P,P,P
1950,P,P,P
1951,P,P,P
1952,P,P,P
1953,P,P,P
1954,P,P,P
1955,P,P,P
1956,P,P,P
1957,P,P,P
1958,P,P,P
1959,P,P,P
1960,P,P,P
1961,P,P,P
1962,P,P,P
1963,P,P,P
1964,P,P,P
1965,P,P,P
1966,P,P,P
1967,P,P,P
1968,P,P,P
1969,P,P,P
1970,P,P,P
1971,P,P,P
1972,P,P,P
1973,P,P,P
1974,P,P,P
1975,P,P,P
1976,P,P,P
1977,P,P,P
1978,P,P,P
1979,P,P,P
1980,P,P,P
1981,P,P,P
1982,P,P,P
1983,P,P,P
1984,P,P,P
1985,P,P,P
1986,P,P,P
1987,P,P,P
1988,P,P,P
1989,P,P,P
1990,P,P,P
1991,P,P,P
1992,P,R,P
1993,P,P,P
1994,P,P,P
1995,P,P,P
1996,P,P,P
1997,P,P,P
1998,P,P,P
1999,P,P,P
2000,P,P,P
2001,P,P,P
2002,P,P,P
2003,P,P,P
2004,P,P,P
2005,P,P,P
2006,P,P,P
2007,P,P,P
2008,P,P,P
2009,P,P,P
2010,P,P,P
2011,P,R,P
2012,P,P,P
2013,P,P,P
2014,P,P,P
2015,P,P,P
2016,P,R,P
2017,P,P,P
2018,P,P,P
2019,P,P,P
2020,P,P,P
2021,P,P,P
2022,P,P,P
2023,P,P,P
2024,P,P,P
2025,P,P,P
2026,P,P,P
2027,P,P,P
2028,P,P,P
2029,P,P,P
2030,P,P,P
2031,P,P,P
2032,P,P,P
2033,P,P,P
2034,P,P,P
2035,P,P,P
2036,R,R,P
2037,P,P,P
2038,P,P,P
2039,P,P,P
2040,P,P,P
2041,P,P,P
2042,P,P,P
2043,P,P,P
2044,P,P,P
2045,P,P,P
2046,P,P,P
2047,P,P,P
2048,P,P,P
2049,P,P,P
2050,P,P,P
2051,P,P,P
2052,P,P,P
2053,P,P,P
2054,P,P,P
2055,P,P,P
2056,P,P,P
2057,P,P,P
2058,P,P,P
2059,P,P,P
2060,P,P,P
2061,P,P,P
2062,P,P,P
2063,P,P,P
2064,P,P,P
2065,P,P,P
2066,P,P,P
2067,P,P,P
2068,P,P,P
2069,P,P,P
2070,P,P,P
2071,P,P,P
2072,P,P,P
2073,P,P,P
2074,P,P,P
2075,P,P,P
2076,P,P,P
2077,P,P,P
2078,P,P,P
2079,P,P,P
2080,P,P,P
2081,P,P,P
2082,P,P,P
2083,P,P,P
2084,P,P,P
2085,P,P,P
2086,P,P,P
2087,P,P,P
2088,P,P,P
2089,P,P,P
2090,P,P,P
2091,P,P,P
2092,P,P,P
2093,P,P,P
2094,P,P,P
2095,P,P,P
2096,P,P,P
2097,P,P,P
2098,P,P,P
2099,P,P,P
2100,P,P,P
2101,P,R,P
2102,P,R,P
2103,P,P,P
2104,P,P,P
2105,P,P,P
2106,P,P,P
2107,P,P,P
2108,P,P,P
2109,P,P,P
2110,P,P,P
2111,P,P,P
2112,P,P,P
2113,P,P,P
2114,P,P,P
2115,P,P,P
2116,P,P,P
2117,P,P,P
2118,P,P,P
2119,P,P,P
2120,P,P,P
2121,P,P,P
2122,P,P,P
2123,P,R,P
2124,P,P,P
2125,P,P,P
2126,P,P,P
2127,P,P,P
2128,P,P,P
2129,P,P,P
2130,P,P,P
2131,P,P,P
2132,P,P,P
2133,P,P,P
2134,P,P,P
2135,P,P,P
2136,P,P,P
2137,P,P,P
2138,P,P,P
2139,P,P,P
2140,P,P,P
2141,P,P,P
2142,P,P,P
2143,P,P,P
2144,P,P,P
2145,P,P,P
2146,P,P,P
2147,P,P,P
2148,P,P,P
2149,P,P,P
2150,P,P,P
2151,P,P,P
2152,P,P,P
2153,P,P,P
2154,P,P,P
2155,P,P,P
2156,P,P,P
2157,P,P,P
2158,P,P,P
2159,P,P,P
2160,P,P,P
2161,P,P,P
2162,P,P,P
2163,P,P,P
2164,P,P,P
2165,P,P,P
2166,P,P,P
2167,P,P,P
2168,P,P,P
2169,P,P,P
2170,P,P,P
2171,P,P,P
2172,P,P,P
2173,P,P,P
2174,P,P,P
2175,P,P,P
2176,P,P,P
2177,P,P,P
2178,P,P,P
2179,P,P,P
2180,P,P,P
2181,P,P,P
2182,P,P,P
2183,P,P,P
2184,P,R,P
2185,P,P,P
2186,P,P,P
2187,P,P,P
2188,P,P,P
2189,P,P,P
2190,P,P,P
2191,P,P,P
2192,P,P,P
2193,P,P,P
2194,P,P,P
2195,P,P,P
2196,P,P,P
2197,P,P,P
2198,P,P,P
2199,P,P,P
2200,P,P,P
2201,P,P,P
2202,P,P,P
2203,P,P,P
2204,P,P,P
2205,P,P,P
2206,P,P,P
2207,P,P,P
2208,P,P,P
2209,P,P,P
2210,P,P,P
2211,P,P,P
2212,P,P,P
2213,P,P,P
2214,P,P,P
2215,P,P,P
2216,P,P,P
2217,P,P,P
2218,P,P,P
2219,P,P,P
2220,P,P,P
2221,P,P,P
2222,P,P,P
2223,P,P,P
2224,P,P,P
2225,P,P,P
2226,P,P,P
2227,P,R,P
2228,P,P,P
2229,P,P,P
2230,P,P,P
2231,P,P,P
2232,P,P,P
2233,P,P,P
2234,P,P,P
2235,P,P,P
2236,P,P,P
2237,P,P,P
2238,P,P,P
2239,P,P,P
2240,P,P,P
2241,P,P,P
2242,P,P,P
2243,P,P,P
2244,P,P,P
2245,P,R,P
2246,P,P,P
2247,P,P,P
2248,P,P,P
2249,P,P,P
2250,P,P,P
2251,P,P,P
2252,P,P,P
2253,P,P,P
2254,P,P,P
2255,P,P,P
2256,P,P,P
2257,P,P,P
2258,P,P,P
2259,P,P,P
2260,P,P,P
2261,P,P,P
2262,P,P,P
2263,P,P,P
2264,P,P,P
2265,P,P,P
2266,P,P,P
2267,P,P,P
2268,P,P,P
2269,P,P,P
2270,P,P,P
2271,P,P,P
2272,P,P,P
2273,P,P,P
2274,P,R,P
2275,P,P,P
2276,P,P,P
2277,P,P,P
2278,P,P,P
2279,P,P,P
2280,P,P,P
2281,P,P,P
2282,P,P,P
2283,P,P,P
2284,P,P,P
2285,P,P,P
2286,P,P,P
2287,P,P,P
2288,P,P,P
2289,P,P,P
2290,P,P,P
2291,P,P,P
2292,P,P,P
2293,P,P,P
2294,P,P,P
2295,P,P,P
2296,P,P,P
2297,P,P,P
2298,P,P,P
2299,P,P,P
2300,P,P,P
2301,P,P,P
2302,P,P,P
2303,P,P,P
2304,P,P,P
2305,P,P,P
2306,P,P,P
2307,P,P,P
2308,P,P,P
2309,P,P,P
2310,P,P,P
2311,P,P,P
2312,P,P,P
2313,P,P,P
2314,P,P,P
2315,P,P,P
2316,P,P,P
2317,P,P,P
2318,P,P,P
2319,P,P,P
2320,P,P,P
2321,P,P,P
2322,P,P,P
2323,P,P,P
2324,P,P,P
2325,P,P,P
2326,P,P,P
2327,P,P,P
2328,P,P,P
2329,P,P,P
2330,P,P,P
2331,P,P,P
2332,P,P,P
2333,P,P,P
2334,P,P,P
2335,P,P,P
2336,P,P,P
2337,P,P,P
2338,P,P,P
2339,P,P,P
2340,P,P,P
2341,P,P,P
2342,P,P,P
2343,P,P,P
2344,P,P,P
2345,P,P,P
2346,P,P,P
2347,P,P,P
2348,P,P,P
2349,P,P,P
2350,P,P,P
2351,P,P,P
2352,P,P,P
2353,P,P,P
2354,P,P,P
2355,P,P,P
2356,P,P,P
2357,P,P,P
2358,P,P,P
2359,P,P,P
2360,P,P,P
2361,P,P,P
2362,P,P,P
2363,P,P,P
2364,P,P,P
2365,P,P,P
2366,P,P,R
2367,P,P,P
2368,P,P,P
2369,P,P,P
2370,P,P,P
2371,P,P,P
2372,P,P,P
2373,P,P,P
2374,P,P,P
2375,P,P,P
2376,P,P,P
2377,P,P,P
2378,P,P,P
2379,P,P,P
2380,P,P,P
2381,P,P,P
2382,P,P,P
2383,P,P,P
2384,P,P,P
2385,P,P,P
2386,P,P,P
2387,P,P,P
2388,R,P,P
2389,P,P,P
2390,P,P,P
2391,P,P,P
2392,P,R,R
2393,P,P,P
2394,P,P,P
2395,P,P,P
2396,P,P,P
2397,P,P,P
2398,P,P,P
2399,P,P,P
2400,P,P,P
2401,P,P,P
2402,P,P,P
2403,P,P,P
2404,P,P,P
2405,P,P,P
2406,P,R,P
2407,P,P,P
2408,P,P,P
2409,P,P,P
2410,P,P,P
2411,P,P,P
2412,P,P,P
2413,P,P,P
2414,P,P,P
2415,P,P,P
2416,P,P,P
2417,P,P,P
2418,P,P,P
2419,P,P,P
2420,P,P,P
2421,P,P,P
2422,P,P,P
2423,P,P,P
2424,P,P,P
2425,P,P,P
2426,P,P,P
2427,P,P,P
2428,P,P,P
2429,P,P,P
2430,P,P,P
2431,P,P,P
2432,P,P,P
2433,P,P,P
2434,P,P,P
2435,P,P,P
2436,P,P,P
2437,P,P,P
2438,P,P,P
2439,P,P,P
2440,P,P,P
2441,P,P,P
2442,P,P,P
2443,P,P,P
2444,P,P,P
2445,P,P,P
2446,P,R,P
2447,P,P,P
2448,P,P,P
2449,P,P,P
2450,P,P,P
2451,P,P,P
2452,P,P,P
2453,P,P,P
2454,P,P,P
2455,P,P,P
2456,P,P,P
2457,P,P,P
2458,P,P,P
2459,P,P,P
2460,P,P,P
2461,P,P,P
2462,P,P,P
2463,P,P,P
2464,P,P,P
2465,P,P,P
2466,P,P,P
2467,P,P,P
2468,P,P,P
2469,P,P,P
2470,P,P,P
2471,P,P,P
2472,P,P,P
2473,P,P,P
2474,P,P,P
2475,P,P,P
2476,P,P,P
2477,P,P,P
2478,P,P,P
2479,P,P,P
2480,P,P,P
2481,P,P,P
2482,P,P,P
2483,P,P,P
2484,P,P,P
2485,P,P,P
2486,P,P,P
2487,P,P,P
2488,P,P,P
2489,P,P,P
2490,P,P,P
2491,P,P,P
2492,P,P,P
2493,P,P,P
2494,P,P,P
2495,P,P,P
2496,P,P,P
2497,P,P,P
2498,P,P,P
2499,P,P,P
2500,P,P,P
2501,P,P,P
2502,P,P,P
2503,P,P,P
2504,P,P,P
2505,P,P,P
2506,P,P,P
2507,P,P,P
2508,P,P,P
2509,P,P,P
2510,P,P,P
2511,P,P,P
2512,P,P,P
2513,P,P,P
2514,P,P,P
2515,P,P,P
2516,P,P,P
2517,P,P,P
2518,P,P,P
2519,P,P,P
2520,P,P,P
2521,P,P,P
2522,P,P,P
2523,P,P,P
2524,P,P,P
2525,P,P,P
2526,P,P,P
2527,P,P,P
2528,P,P,P
2529,P,P,P
2530,P,P,P
2531,P,P,P
2532,P,P,P
2533,P,P,P
2534,P,P,P
2535,P,P,P
2536,P,P,P
2537,P,P,P
2538,P,P,P
2539,P,P,P
2540,P,P,P
2541,P,P,P
2542,P,P,P
2543,P,P,P
2544,P,P,P
2545,P,P,P
2546,P,P,P
2547,P,P,P
2548,P,P,P
2549,P,P,P
2550,P,P,P
2551,P,P,P
2552,P,P,P
2553,P,P,P
2554,P,P,P
2555,P,P,P
2556,P,P,P
2557,P,P,P
2558,P,P,R
2559,P,P,P
2560,P,P,P
2561,P,P,P
2562,P,P,P
2563,P,P,P
2564,P,P,P
2565,P,P,P
2566,P,P,P
2567,P,P,P
2568,P,P,P
2569,P,P,P
2570,P,P,P
2571,P,P,P
2572,P,P,P
2573,P,P,P
2574,P,P,P
2575,P,P,P
2576,P,P,P
2577,P,P,P
2578,P,P,P
2579,P,P,P
2580,P,P,P
2581,P,P,P
2582,P,P,P
2583,P,P,P
2584,P,P,P
2585,P,P,P
2586,P,P,P
2587,P,P,P
2588,P,P,P
2589,P,P,P
2590,P,P,P
2591,P,P,P
2592,P,P,P
2593,P,P,P
2594,P,P,P
2595,P,P,P
2596,P,P,P
2597,P,P,P
2598,P,P,P
2599,R,P,P
2600,P,P,P
2601,P,P,P
2602,P,P,P
2603,P,P,P
2604,P,P,P
2605,P,P,P
2606,P,P,P
2607,P,P,P
2608,P,P,P
2609,P,P,P
2610,P,P,P
2611,P,P,P
2612,P,P,P
2613,P,P,P
2614,P,P,P
2615,P,P,P
2616,P,P,P
2617,P,P,P
2618,P,P,P
2619,P,P,P
2620,P,P,P
2621,P,P,P
2622,P,P,P
2623,P,P,P
2624,P,P,P
2625,P,P,P
2626,P,P,P
2627,P,P,P
2628,P,P,P
2629,P,P,P
2630,P,P,P
2631,P,P,P
2632,P,P,P
2633,P,P,P
2634,P,P,P
2635,P,P,P
2636,P,P,P
2637,P,P,P
2638,P,P,P
2639,P,P,P
2640,P,P,P
2641,P,P,P
2642,P,P,P
2643,P,P,P
2644,P,P,P
2645,P,P,P
2646,P,P,P
2647,P,P,P
2648,P,P,P
2649,P,P,P
2650,P,P,P
2651,P,P,P
2652,P,P,P
2653,P,P,P
2654,P,P,P
2655,P,P,P
2656,P,P,P
2657,P,P,P
2658,P,P,P
2659,P,P,P
2660,P,P,P
2661,P,P,P
2662,P,P,P
2663,P,P,P
2664,P,P,P
2665,P,P,P
2666,P,P,P
2667,P,P,P
2668,P,P,P
2669,P,P,P
2670,P,P,P
2671,P,P,P
2672,P,P,P
2673,P,P,P
2674,P,P,P
2675,P,P,P
2676,P,P,P
2677,P,P,P
2678,P,P,P
2679,P,P,P
2680,P,P,P
2681,P,P,P
2682,P,P,P
2683,P,P,P
2684,P,P,P
2685,P,P,P
2686,P,P,P
2687,P,P,P
2688,P,P,P
2689,P,P,P
2690,P,P,P
2691,P,P,P
2692,P,P,P
2693,P,P,P
2694,P,P,P
2695,P,P,P
2696,P,P,P
2697,P,P,P
2698,P,P,P
2699,P,P,P
2700,P,P,P
2701,P,P,P
2702,P,P,P
2703,P,P,P
2704,P,P,P
2705,P,P,P
2706,P,P,P
2707,P,P,P
2708,P,P,P
2709,P,P,P
2710,P,P,P
2711,P,P,P
2712,P,P,P
2713,P,P,P
2714,P,P,P
2715,P,P,P
2716,P,P,P
2717,P,P,P
2718,P,P,P
2719,P,P,P
2720,P,P,P
2721,P,P,P
2722,P,P,P
2723,P,P,P
2724,P,P,P
2725,P,P,P
2726,P,P,P
2727,P,P,P
2728,P,P,P
2729,P,P,P
2730,P,P,P
2731,P,P,P
2732,P,P,P
2733,P,P,P
2734,P,P,P
2735,P,P,P
2736,P,P,P
2737,P,P,P
2738,P,P,P
2739,P,P,P
2740,P,P,P
2741,P,P,P
2742,P,P,P
2743,P,P,P
2744,P,R,P
2745,P,P,P
2746,P,P,P
2747,P,P,P
2748,P,P,P
2749,P,P,P
2750,P,P,P
2751,P,P,P
2752,P,P,P
2753,P,P,P
2754,P,P,P
2755,P,P,P
2756,P,P,P
2757,P,P,P
2758,P,P,P
2759,P,P,P
2760,P,P,P
2761,P,P,P
2762,P,P,P
2763,P,P,P
2764,P,P,P
2765,P,P,P
2766,P,P,P
2767,P,P,P
2768,P,P,P
2769,P,P,P
2770,P,P,P
2771,P,P,P
2772,P,P,P
2773,P,P,P
2774,P,P,P
2775,P,P,P
2776,P,P,P
2777,P,P,P
2778,P,R,P
2779,P,R,P
2780,P,P,P
2781,P,P,P
2782,P,P,P
2783,P,P,P
2784,P,P,P
2785,P,P,P
2786,P,P,P
2787,P,P,P
2788,P,P,P
2789,P,P,P
2790,P,R,R
2791,P,P,P
2792,P,P,P
2793,P,P,P
2794,P,P,P
2795,P,P,P
2796,P,P,P
2797,P,P,P
2798,P,P,P
2799,P,P,P
2800,R,P,P
2801,P,P,P
2802,P,P,P
2803,P,P,P
2804,P,P,P
2805,P,P,P
2806,P,P,P
2807,P,P,P
2808,P,P,P
2809,P,P,P
2810,P,P,P
2811,P,R,P
2812,P,P,P
2813,P,P,P
2814,P,P,P
2815,P,P,P
2816,P,P,P
2817,P,P,P
2818,P,P,P
2819,P,P,P
2820,P,P,P
2821,P,P,P
2822,P,P,P
2823,P,P,P
2824,P,P,P
2825,P,P,P
2826,P,P,P
2827,P,P,P
2828,P,P,P
2829,P,P,P
2830,P,P,P
2831,P,P,P
2832,P,P,P
2833,P,P,P
2834,P,P,P
2835,P,P,P
2836,P,P,P
2837,P,P,P
2838,P,P,P
2839,P,P,P
2840,P,P,P
2841,P,P,P
2842,P,R,P
2843,P,P,P
2844,P,P,P
2845,P,P,P
2846,P,P,P
2847,P,P,P
2848,P,P,P
2849,P,P,P
2850,P,R,P
2851,P,P,P
2852,P,R,P
2853,P,P,P
2854,P,P,P
2855,P,P,P
2856,P,P,P
2857,P,P,P
2858,P,P,P
2859,P,P,P
2860,P,P,P
2861,R,P,P
2862,P,P,P
2863,P,P,P
2864,P,P,P
2865,P,P,P
2866,P,P,P
2867,P,P,P
2868,P,P,P
2869,P,P,P
2870,P,P,P
2871,P,P,P
2872,P,P,P
2873,P,P,P
2874,P,P,P
2875,P,P,P
2876,P,P,P
2877,P,P,P
2878,P,P,P
2879,P,P,P
2880,P,P,P
2881,P,P,P
2882,P,P,P
2883,P,P,P
2884,P,P,P
2885,P,P,P
2886,P,P,P
2887,P,P,P
2888,P,R,P
2889,P,P,P
2890,P,P,P
2891,P,P,P
2892,P,P,P
2893,P,P,P
2894,P,P,P
2895,P,P,P
2896,P,P,P
2897,P,P,P
2898,P,P,P
2899,P,P,P
2900,P,P,P
2901,P,P,P
2902,P,P,P
2903,P,P,P
2904,P,P,P
2905,P,P,P
2906,P,P,P
2907,P,P,P
2908,P,P,P
2909,P,P,P
2910,P,P,P
2911,P,P,P
2912,P,P,P
2913,P,P,P
2914,P,P,P
2915,P,P,P
2916,P,P,P
2917,P,P,P
2918,P,P,P
2919,P,P,P
2920,P,P,P
2921,P,P,P
2922,P,P,P
2923,P,P,P
2924,P,P,P
2925,P,P,P
2926,P,P,P
2927,P,P,P
2928,P,P,P
2929,P,P,P
2930,P,P,P
2931,P,P,P
2932,P,P,P
2933,P,P,P
2934,P,P,P
2935,P,P,P
2936,P,P,P
2937,P,P,P
2938,P,P,P
2939,P,P,P
2940,P,P,P
2941,P,P,P
2942,P,P,P
2943,P,P,P
2944,P,P,P
2945,P,P,P
2946,P,P,P
2947,P,P,P
2948,P,P,P
2949,P,P,P
2950,P,R,P
2951,P,P,P
2952,P,P,P
2953,P,P,P
2954,P,P,P
2955,P,P,P
2956,P,P,P
2957,P,P,P
2958,P,P,P
2959,P,R,P
2960,P,P,P
2961,P,P,P
2962,P,P,P
2963,P,P,P
2964,P,P,P
2965,P,P,P
2966,P,P,P
2967,P,P,P
2968,P,P,P
2969,P,P,P
2970,P,P,P
2971,P,P,P
2972,P,P,P
2973,P,P,P
2974,P,P,P
2975,P,P,P
2976,P,P,P
2977,P,P,P
2978,P,P,P
2979,P,P,P
2980,P,P,P
2981,P,P,P
2982,P,P,P
2983,P,P,P
2984,P,P,P
2985,P,P,P
2986,P,P,P
2987,P,P,P
2988,P,P,P
2989,P,P,P
2990,P,P,P
2991,P,P,P
2992,P,P,P
2993,P,P,P
2994,P,P,P
2995,P,P,P
2996,P,P,P
2997,P,P,P
2998,P,P,P
2999,P,P,P
3000,P,P,P
3001,P,P,P
3002,P,P,P
3003,P,P,P
3004,P,P,P
3005,P,P,P
3006,P,P,P
3007,P,P,P
3008,P,P,P
3009,P,P,P
3010,P,P,P
3011,P,P,P
3012,P,P,P
3013,P,P,P
3014,P,P,P
3015,P,P,P
3016,P,P,P
3017,P,P,P
3018,P,P,P
3019,P,P,P
3020,P,P,P
3021,P,P,P
3022,P,P,P
3023,P,P,P
3024,P,P,P
3025,P,P,P
3026,P,P,P
3027,P,P,P
3028,P,P,P
3029,P,P,P
3030,P,P,P
3031,P,P,P
3032,P,P,P
3033,P,P,P
3034,P,P,P
3035,P,P,P
3036,P,P,P
3037,P,P,P
3038,P,P,P
3039,P,P,P
3040,P,P,P
3041,P,P,P
3042,P,P,P
3043,P,P,P
3044,P,P,P
3045,P,P,P
3046,P,P,P
3047,P,P,P
3048,P,P,P
3049,P,P,P
3050,P,P,P
3051,P,P,P
3052,P,P,P
3053,P,R,P
3054,P,P,P
3055,P,P,P
3056,P,P,P
3057,P,P,P
3058,P,P,P
3059,P,P,P
3060,P,P,P
3061,P,P,P
3062,P,P,P
3063,P,P,P
3064,P,P,P
3065,P,P,P
3066,P,P,P
3067,P,P,P
3068,P,P,P
3069,P,P,P
3070,P,P,P
3071,P,P,P
3072,P,P,P
3073,P,R,P
3074,P,P,P
3075,P,P,P
3076,P,P,P
3077,P,P,P
3078,P,P,P
3079,P,P,P
3080,P,P,P
3081,P,P,P
3082,P,P,P
3083,P,P,P
3084,P,P,P
3085,P,P,P
3086,P,P,P
3087,P,P,P
3088,P,P,P
3089,P,P,P
3090,P,P,P
3091,P,P,P
3092,P,P,P
3093,P,P,P
3094,P,P,P
3095,P,P,P
3096,P,P,P
3097,P,P,P
3098,P,R,P
3099,P,P,P
3100,P,P,P
3101,P,P,P
3102,P,P,P
3103,P,P,P
3104,P,P,P
3105,P,P,P
3106,P,P,P
3107,P,P,P
3108,P,P,P
3109,P,P,P
3110,P,P,P
3111,P,P,P
3112,P,P,P
3113,P,P,P
3114,P,P,P
3115,P,P,P
3116,P,P,P
3117,P,R,P
3118,P,P,P
3119,P,P,P
3120,P,P,P
3121,P,P,P
3122,P,P,P
3123,P,P,P
3124,P,P,P
3125,P,P,P
3126,P,P,P
3127,P,P,P
3128,P,P,P
3129,P,P,P
3130,P,P,P
3131,P,P,P
3132,P,P,P
3133,P,P,P
3134,P,P,P
3135,P,P,P
3136,P,P,P
3137,P,P,P
3138,P,P,P
3139,P,P,P
3140,P,P,P
3141,P,R,P
3142,P,P,P
3143,P,P,P
3144,P,P,P
3145,P,R,P
3146,P,P,P
3147,P,P,P
3148,P,P,P
3149,P,P,P
3150,P,P,P
3151,P,P,P
3152,P,P,P
3153,P,P,P
3154,P,P,P
3155,P,P,P
3156,P,P,P
3157,P,P,P
3158,P,P,P
3159,P,P,P
3160,P,P,P
3161,P,P,P
3162,P,P,P
3163,P,P,P
3164,P,P,P
3165,P,P,P
3166,P,P,P
3167,P,P,P
3168,P,P,P
3169,P,P,P
3170,P,P,P
3171,P,P,P
3172,P,P,P
3173,P,P,P
3174,P,P,P
3175,P,P,P
3176,P,P,P
3177,P,P,P
3178,P,P,P
3179,P,P,P
3180,P,P,P
3181,P,P,P
3182,P,P,P
3183,P,P,P
3184,P,P,P
3185,P,P,P
3186,P,P,P
3187,P,P,P
3188,P,P,P
3189,P,P,P
3190,P,P,P
3191,P,P,P
3192,P,P,P
3193,P,P,P
3194,P,P,P
3195,P,P,P
3196,P,P,P
3197,P,P,P
3198,P,P,P
3199,P,P,P
3200,P,P,P
3201,P,P,P
3202,P,P,P
3203,P,P,P
3204,P,P,P
3205,P,P,P
3206,P,P,P
3207,P,P,P
3208,P,P,P
3209,P,P,P
3210,P,P,P
3211,P,P,P
3212,P,P,P
3213,P,P,P
3214,P,P,P
3215,P,P,P
3216,P,P,P
3217,P,P,P
3218,P,P,P
3219,P,P,P
3220,P,P,P
3221,P,P,P
3222,P,P,P
3223,P,P,P
3224,P,P,P
3225,P,P,P
3226,P,P,P
3227,P,P,P
3228,P,P,P
3229,P,P,P
3230,P,P,P
3231,P,P,P
3232,P,P,P
3233,P,P,P
3234,P,P,P
3235,P,P,P
3236,P,P,P
3237,P,P,P
3238,P,P,P
3239,P,P,P
3240,P,P,P
3241,P,P,P
3242,R,P,P
3243,P,P,P
3244,P,P,P
3245,P,P,P
3246,P,P,P
3247,P,P,P
3248,P,P,P
3249,P,P,P
3250,P,P,P
3251,P,P,P
3252,P,P,P
3253,P,P,P
3254,P,P,P
3255,P,P,P
3256,P,P,P
3257,P,P,P
3258,P,P,P
3259,P,P,P
3260,P,P,P
3261,P,P,P
3262,P,P,P
3263,P,P,P
3264,P,P,P
3265,P,P,P
3266,P,P,P
3267,P,P,P
3268,P,P,P
3269,P,P,P
3270,P,P,P
3271,P,P,P
3272,P,R,P
3273,P,P,P
3274,P,P,P
3275,P,P,P
3276,P,P,P
3277,P,P,P
3278,P,P,P
3279,P,P,P
3280,P,P,P
3281,P,P,P
3282,P,P,P
3283,P,P,P
3284,P,P,P
3285,P,P,P
3286,P,P,P
3287,P,R,P
3288,P,P,P
3289,P,P,P
3290,P,P,P
3291,P,P,P
3292,P,P,P
3293,P,P,P
3294,P,P,P
3295,P,P,P
3296,P,P,P
3297,P,P,P
3298,P,R,P
3299,P,P,P
3300,P,P,P
3301,P,P,P
3302,P,P,P
3303,P,P,P
3304,P,P,P
3305,P,P,P
3306,P,P,P
3307,P,P,P
3308,P,P,P
3309,P,P,P
3310,P,P,P
3311,P,P,P
3312,P,P,P
3313,P,P,P
3314,P,P,P
3315,P,P,P
3316,P,P,P
3317,P,P,P
3318,P,P,P
3319,P,P,P
3320,P,P,P
3321,P,P,P
3322,P,P,P
3323,P,P,P
3324,P,P,P
3325,P,P,P
3326,P,P,P
3327,P,P,P
3328,P,P,P
3329,P,P,P
3330,P,P,P
3331,P,P,P
3332,P,P,P
3333,P,P,P
3334,P,P,P
3335,P,P,P
3336,P,P,P
3337,P,P,P
3338,P,P,P
3339,P,P,P
3340,P,P,P
3341,P,P,P
3342,P,P,P
3343,P,P,P
3344,P,P,P
3345,P,P,P
3346,P,P,P
3347,P,P,P
3348,P,P,P
3349,P,P,P
3350,P,P,P
3351,P,P,P
3352,P,P,P
3353,P,P,P
3354,P,P,P
3355,P,P,P
3356,P,P,P
3357,P,P,P
3358,P,P,P
3359,P,P,P
3360,P,R,R
3361,P,P,P
3362,P,P,P
3363,P,P,P
3364,P,P,P
3365,P,P,P
3366,P,P,P
3367,P,P,P
3368,P,P,P
3369,P,P,P
3370,P,P,P
3371,P,P,P
3372,P,P,P
3373,P,P,P
3374,P,P,P
3375,P,P,P
3376,P,P,P
3377,P,P,P
3378,P,P,P
3379,P,P,P
3380,P,P,P
3381,P,P,P
3382,P,P,P
3383,P,P,P
3384,P,P,P
3385,P,P,P
3386,P,P,P
3387,P,P,P
3388,P,P,P
3389,P,P,P
3390,P,P,P
3391,P,P,P
3392,P,P,P
3393,P,P,P
3394,P,P,P
3395,P,P,P
3396,P,P,P
3397,P,P,P
3398,P,P,P
3399,P,P,P
3400,P,P,P
3401,P,P,P
3402,P,P,P
3403,P,P,P
3404,P,P,P
3405,P,P,P
3406,P,P,P
3407,P,P,P
3408,P,P,P
3409,P,P,P
3410,P,P,P
3411,P,P,P
3412,P,P,P
3413,P,P,P
3414,P,P,P
3415,P,P,P
3416,P,P,P
3417,P,P,P
3418,P,P,P
3419,P,P,P
3420,R,R,R
3421,P,P,P
3422,P,P,P
3423,P,P,P
3424,P,P,P
3425,P,P,P
3426,P,P,P
3427,P,P,P
3428,P,P,P
3429,P,P,P
3430,P,P,P
3431,P,P,P
3432,P,P,P
3433,P,P,P
3434,P,P,P
3435,P,P,P
3436,P,P,P
3437,P,P,P
3438,P,P,P
3439,P,P,P
3440,P,P,P
3441,P,P,P
3442,P,P,P
3443,P,P,P
3444,P,P,P
3445,P,P,P
3446,P,P,P
3447,P,P,P
3448,P,P,P
3449,P,P,P
3450,P,P,P
3451,P,P,P
3452,P,P,P
3453,P,P,P
3454,P,P,P
3455,P,P,P
3456,P,R,P
3457,P,P,P
3458,P,P,P
3459,P,P,P
3460,P,P,P
3461,P,P,P
3462,P,P,P
3463,P,P,P
3464,P,P,P
3465,P,P,P
3466,P,P,P
3467,P,P,P
3468,P,P,P
3469,P,P,P
3470,P,P,P
3471,P,P,P
3472,P,P,P
3473,P,R,P
3474,P,P,P
3475,P,P,P
3476,P,P,P
3477,P,P,P
3478,P,P,P
3479,P,P,P
3480,P,P,P
3481,P,P,P
3482,P,P,P
3483,P,P,P
3484,P,P,P
3485,P,P,P
3486,P,P,P
3487,P,P,P
3488,P,P,P
3489,P,P,P
3490,P,P,P
3491,P,P,P
3492,P,P,P
3493,P,P,P
3494,P,P,P
3495,P,P,P
3496,P,P,P
3497,P,P,P
3498,P,P,P
3499,P,P,P
3500,P,P,P
3501,P,P,P
3502,P,P,P
3503,P,R,P
3504,P,P,P
3505,P,P,P
3506,P,P,P
3507,P,P,P
3508,P,P,P
3509,P,P,P
3510,P,P,P
3511,P,P,P
3512,P,P,P
3513,P,P,P
3514,P,P,P
3515,P,P,P
3516,P,P,P
3517,P,P,P
3518,P,P,P
3519,P,P,P
3520,P,R,P
3521,P,P,P
3522,P,P,P
3523,P,P,P
3524,P,P,P
3525,P,P,P
3526,P,P,P
3527,P,P,P
3528,P,P,P
3529,P,P,P
3530,P,P,P
3531,P,P,P
3532,P,P,P
3533,P,P,P
3534,P,P,P
3535,P,P,P
3536,P,P,P
3537,P,P,P
3538,P,P,P
3539,P,P,P
3540,P,P,P
3541,P,R,P
3542,P,P,P
3543,P,P,P
3544,P,P,P
3545,P,P,P
3546,P,P,P
3547,P,P,P
3548,P,P,P
3549,P,P,P
3550,P,P,P
3551,P,R,P
3552,P,P,P
3553,P,P,P
3554,P,P,P
3555,P,P,P
3556,P,P,P
3557,P,P,P
3558,P,P,P
3559,P,P,P
3560,P,P,P
3561,P,P,P
3562,P,P,P
3563,P,P,P
3564,P,P,P
3565,P,P,P
3566,P,P,P
3567,P,P,P
3568,P,P,P
3569,P,P,P
3570,P,P,P
3571,P,P,P
3572,P,P,P
3573,P,P,P
3574,P,P,P
3575,P,P,P
3576,P,P,P
3577,P,P,P
3578,P,P,P
3579,P,P,P
3580,P,P,P
3581,P,P,P
3582,R,P,P
3583,P,P,P
3584,P,R,P
3585,P,P,P
3586,P,P,P
3587,P,P,P
3588,P,P,P
3589,P,P,P
3590,P,P,P
3591,P,P,P
3592,P,P,P
3593,P,P,P
3594,P,P,P
3595,P,P,P
3596,P,P,P
3597,P,P,P
3598,P,P,P
3599,P,P,P
3600,P,P,P
3601,P,P,P
3602,P,P,P
3603,P,P,P
3604,P,P,P
3605,P,P,P
3606,P,P,P
3607,P,P,P
3608,P,P,P
3609,P,P,P
3610,P,P,P
3611,P,P,P
3612,P,P,P
3613,P,P,P
3614,P,P,P
3615,P,P,P
3616,P,P,P
3617,P,P,P
3618,P,P,P
3619,P,P,P
3620,P,R,P
3621,P,P,P
3622,P,P,P
3623,P,P,P
3624,P,P,P
3625,P,P,P
3626,P,R,P
3627,P,P,P
3628,P,P,P
3629,P,P,P
3630,P,P,P
3631,P,P,P
3632,P,P,P
3633,R,P,P
3634,P,R,P
3635,P,P,P
3636,P,P,P
3637,P,P,P
3638,P,P,P
3639,P,P,P
3640,P,P,P
3641,P,P,P
3642,P,P,P
3643,P,P,P
3644,P,P,P
3645,P,P,P
3646,P,P,P
3647,P,P,P
3648,P,P,P
3649,P,P,P
3650,P,P,P
3651,P,P,P
3652,P,P,P
3653,P,P,P
3654,P,P,P
3655,P,P,P
3656,P,P,P
3657,P,R,P
3658,P,P,P
3659,P,R,P
3660,P,P,P
3661,P,P,P
3662,P,P,P
3663,P,P,P
3664,P,P,P
3665,P,P,P
3666,P,P,P
3667,P,P,P
3668,P,P,P
3669,P,P,P
3670,P,P,P
3671,P,P,P
3672,P,P,P
3673,P,P,P
3674,P,P,P
3675,P,P,P
3676,P,P,P
3677,P,P,P
3678,P,P,P
3679,P,P,P
3680,P,P,P
3681,P,P,P
3682,P,P,P
3683,P,P,P
3684,P,P,P
3685,P,P,P
3686,P,P,P
3687,P,P,P
3688,P,P,P
3689,P,P,P
3690,P,P,P
3691,P,P,P
3692,P,R,P
3693,P,P,P
3694,P,P,P
3695,P,P,P
3696,P,P,P
3697,P,P,P
3698,P,P,P
3699,P,P,P
3700,P,P,P
3701,P,P,P
3702,P,P,P
3703,P,P,P
3704,P,P,P
3705,P,P,P
3706,P,P,P
3707,P,P,P
3708,P,P,P
3709,P,P,P
3710,P,P,P
3711,P,R,P
3712,P,P,P
3713,P,P,P
3714,P,P,P
3715,P,P,P
3716,P,P,P
3717,P,P,P
3718,P,P,P
3719,P,P,P
3720,P,P,P
3721,P,P,P
3722,P,P,P
3723,P,P,P
3724,P,P,P
3725,P,P,P
3726,P,P,P
3727,P,P,P
3728,P,R,P
3729,P,P,P
3730,P,P,P
3731,P,P,P
3732,P,P,P
3733,P,P,P
3734,P,P,P
3735,P,P,P
3736,P,P,P
3737,P,P,P
3738,P,P,P
3739,P,P,P
3740,P,P,P
3741,P,P,P
3742,P,P,P
3743,P,R,P
3744,P,P,P
3745,P,P,P
3746,P,P,P
3747,P,P,P
3748,P,P,P
3749,P,P,P
3750,P,P,P
3751,P,P,P
3752,P,P,P
3753,P,P,P
3754,P,P,P
3755,P,P,P
3756,P,P,P
3757,P,P,P
3758,P,P,P
3759,P,P,P
3760,P,P,P
3761,P,P,P
3762,P,P,P
3763,P,P,P
3764,P,P,P
3765,P,P,P
3766,P,P,P
3767,P,P,P
3768,P,P,P
3769,P,P,P
3770,P,P,P
3771,P,P,P
3772,P,P,P
3773,P,P,P
3774,P,P,P
3775,P,P,P
3776,P,P,P
3777,P,P,P
3778,P,P,P
3779,P,P,P
3780,P,P,P
3781,P,P,P
3782,P,P,P
3783,P,P,P
3784,P,P,P
3785,P,P,P
3786,P,P,P
3787,P,P,P
3788,P,P,P
3789,P,P,P
3790,P,P,P
3791,P,P,P
3792,P,P,P
3793,P,P,P
3794,P,P,P
3795,P,P,P
3796,P,P,P
3797,P,P,P
3798,P,P,P
3799,P,P,P
3800,P,P,P
3801,P,P,P
3802,P,P,P
3803,P,P,P
3804,P,P,P
3805,P,P,P
3806,P,P,P
3807,P,P,P
3808,P,P,P
3809,P,P,P
3810,P,P,P
3811,P,P,P
3812,P,P,P
3813,P,P,P
3814,P,P,P
3815,P,P,P
3816,P,P,P
3817,P,P,P
3818,P,P,P
3819,R,R,P
3820,P,P,P
3821,P,P,P
3822,P,P,P
3823,P,P,P
3824,P,P,P
3825,P,P,P
3826,P,P,P
3827,P,P,P
3828,P,P,P
3829,P,P,P
3830,P,P,P
3831,P,P,P
3832,P,P,P
3833,P,R,P
3834,P,P,P
3835,P,P,P
3836,P,P,P
3837,P,P,P
3838,R,P,P
3839,P,P,P
3840,P,P,P
3841,P,P,P
3842,P,P,P
3843,P,P,P
3844,P,P,P
3845,P,P,P
3846,P,P,P
3847,P,P,P
3848,P,P,P
3849,P,P,P
3850,P,P,P
3851,P,R,P
3852,P,P,P
3853,P,P,P
3854,P,P,P
3855,P,P,P
3856,P,P,P
3857,P,P,P
3858,P,P,P
3859,P,P,P
3860,P,P,P
3861,P,P,P
3862,P,P,P
3863,P,P,P
3864,P,P,P
3865,P,P,P
3866,P,P,P
3867,P,P,P
3868,P,P,P
3869,P,P,P
3870,P,P,P
3871,P,P,P
3872,P,P,P
3873,P,P,P
3874,P,P,P
3875,P,P,P
3876,P,P,P
3877,P,R,P
3878,P,P,P
3879,P,P,P
3880,P,P,P
3881,P,P,P
3882,P,P,P
3883,P,P,P
3884,P,P,P
3885,P,P,P
3886,P,P,P
3887,P,P,P
3888,P,P,P
3889,P,P,P
3890,P,P,P
3891,P,P,P
3892,P,P,P
3893,P,P,P
3894,P,P,P
3895,P,P,P
3896,P,P,P
3897,P,P,P
3898,P,P,P
3899,P,P,P
3900,P,P,P
3901,P,P,P
3902,P,P,P
3903,P,P,P
3904,P,P,P
3905,P,P,P
3906,P,P,P
3907,P,P,P
3908,P,P,P
3909,P,P,P
3910,P,P,P
3911,P,P,P
3912,P,P,P
3913,P,P,P
3914,P,P,P
3915,P,P,P
3916,P,P,P
3917,P,P,P
3918,P,P,P
3919,P,P,P
3920,P,P,P
3921,P,P,P
3922,P,P,P
3923,P,P,P
3924,P,P,P
3925,R,R,P
3926,P,P,P
3927,P,P,P
3928,P,P,P
3929,P,P,P
3930,P,P,P
3931,P,P,P
3932,P,P,P
3933,P,P,P
3934,P,P,P
3935,P,P,P
3936,P,P,P
3937,P,P,P
3938,P,P,P
3939,P,P,P
3940,P,P,P
3941,P,P,P
3942,P,P,P
3943,P,P,P
3944,P,P,P
3945,P,P,P
3946,P,P,P
3947,P,P,P
3948,P,P,P
3949,P,P,P
3950,P,P,P
3951,R,R,P
3952,P,P,P
3953,P,P,P
3954,P,P,P
3955,P,P,P
3956,P,P,P
3957,P,P,P
3958,P,P,P
3959,P,P,P
3960,P,P,P
3961,P,P,P
3962,P,P,P
3963,P,P,P
3964,P,P,P
3965,P,P,P
3966,P,P,P
3967,P,P,P
3968,P,P,P
3969,P,R,P
3970,P,P,P
3971,P,P,P
3972,P,P,P
3973,P,P,P
3974,P,P,P
3975,P,P,P
3976,P,P,P
3977,P,P,P
3978,P,P,P
3979,P,P,P
3980,P,P,P
3981,P,P,P
3982,P,P,P
3983,P,P,P
3984,P,P,P
3985,P,P,P
3986,P,P,P
3987,P,P,P
3988,P,P,P
3989,P,P,P
3990,P,P,P
3991,P,P,P
3992,P,P,P
3993,P,R,P
3994,P,P,P
3995,P,P,P
3996,P,P,P
3997,P,P,P
3998,P,P,P
3999,P,P,P
4000,P,R,P
